Name,Module,My Skill Vault
Sejarah Penemuan Bilangan,Pengantar & Dasar Sistem Bilangan,Kalkulus I
Operasi Lapangan,Pengantar & Dasar Sistem Bilangan,Kalkulus I
Sifat Lapangan,Pengantar & Dasar Sistem Bilangan,Kalkulus I
Selang Garis Bilangan,Pengantar & Dasar Sistem Bilangan,Kalkulus I
Sifat Urutan,Pengantar & Dasar Sistem Bilangan,Kalkulus I
Akar Persamaan,Pengantar & Dasar Sistem Bilangan,Kalkulus I
Nilai Mutlak,Pengantar & Dasar Sistem Bilangan,Kalkulus I
Himpunan Penyelesaian,Pengantar & Dasar Sistem Bilangan,Kalkulus I
Konsep Fungsi,Fungsi Real & Visualisasi,Kalkulus I
Grafik Fungsi,Fungsi Real & Visualisasi,Kalkulus I
Domain Fungsi,Fungsi Real & Visualisasi,Kalkulus I
Range Fungsi,Fungsi Real & Visualisasi,Kalkulus I
Operasi Fungsi,Fungsi Real & Visualisasi,Kalkulus I
Fungsi Polinom,Fungsi Real & Visualisasi,Kalkulus I
Kurva Fungsi,Fungsi Real & Visualisasi,Kalkulus I
Transformasi Kurva Fungsi,Fungsi Real & Visualisasi,Kalkulus I
Fungsi Transenden,Fungsi Real & Visualisasi,Kalkulus I
Kurva Fungsi Transenden,Fungsi Real & Visualisasi,Kalkulus I
Kombinasi Fungsi,Fungsi Real & Visualisasi,Kalkulus I
Bentuk Aljabar Kombinasi Fungsi,Fungsi Real & Visualisasi,Kalkulus I
Grafik Kombinasi Fungsi,Fungsi Real & Visualisasi,Kalkulus I
Interpretasi Limit,Limit & Kekontinuan Fungsi,Kalkulus I
Limit Kiri,Limit & Kekontinuan Fungsi,Kalkulus I
Limit Kanan,Limit & Kekontinuan Fungsi,Kalkulus I
Limit di Tak Hingga,Limit & Kekontinuan Fungsi,Kalkulus I
Limit Tak Hingga,Limit & Kekontinuan Fungsi,Kalkulus I
Asimptot Fungsi,Limit & Kekontinuan Fungsi,Kalkulus I
Kontinuitas Fungsi pada Sebuah Titik,Limit & Kekontinuan Fungsi,Kalkulus I
Kontinuitas Fungsi di Sebuah Selang,Limit & Kekontinuan Fungsi,Kalkulus I
Interpretasi Turunan (Kemiringan Garis Singgung),Dasar & Aturan Turunan,Kalkulus I
Rumus Dasar Turunan,Dasar & Aturan Turunan,Kalkulus I
Turunan Fungsi Komposisi,Dasar & Aturan Turunan,Kalkulus I
Turunan Orde Tinggi,Dasar & Aturan Turunan,Kalkulus I
Turunan Fungsi Eksplisit,Dasar & Aturan Turunan,Kalkulus I
Turunan Fungsi Implisit,Dasar & Aturan Turunan,Kalkulus I
Masalah Nilai Ekstrim,Aplikasi Turunan Fungsi,Kalkulus I
Kemonotonan Fungsi,Aplikasi Turunan Fungsi,Kalkulus I
Kecekungan Fungsi,Aplikasi Turunan Fungsi,Kalkulus I
Uji Turunan I,Aplikasi Turunan Fungsi,Kalkulus I
Uji Turunan II,Aplikasi Turunan Fungsi,Kalkulus I
Teorema Nilai Rata-rata,Aplikasi Turunan Fungsi,Kalkulus I
Menggambar Grafik Fungsi,Aplikasi Turunan Fungsi,Kalkulus I
Ekspresi Fungsi dalam Deret Taylor,Aplikasi Turunan Fungsi,Kalkulus I
Deret Maclaurin,Aplikasi Turunan Fungsi,Kalkulus I
Aplikasi Turunan Berbagai Bidang,Aplikasi Turunan Fungsi,Kalkulus I
Integral Tentu sebagai Jumlahan Riemann,Dasar Integral & Teknik Pengintegralan,Kalkulus I
Sifat-sifat Integral,Dasar Integral & Teknik Pengintegralan,Kalkulus I
Teorema Dasar Integral,Dasar Integral & Teknik Pengintegralan,Kalkulus I
Integral Tak Tentu,Dasar Integral & Teknik Pengintegralan,Kalkulus I
Metode Pengintegralan,Dasar Integral & Teknik Pengintegralan,Kalkulus I
Teknik Pengintegralan Fungsi Rasional,Dasar Integral & Teknik Pengintegralan,Kalkulus I
Luas Daerah di Bawah Kurva di Atas Sumbu X,Aplikasi Integral,Kalkulus I
Luas Daerah di Bawah Kurva di Bawah Sumbu X,Aplikasi Integral,Kalkulus I
Luas di Antara Dua Kurva,Aplikasi Integral,Kalkulus I
Nilai Rata-rata Integral,Aplikasi Integral,Kalkulus I
Panjang Kurva,Aplikasi Integral,Kalkulus I
Momen,Aplikasi Integral,Kalkulus I
Titik Massa Plat Tipis,Aplikasi Integral,Kalkulus I
