Name,Module,My Skill Vault,Status
Statistik Deskripsi,Konsep Dasar Statistika,Metode Statistika,
Statistik Inferensia,Konsep Dasar Statistika,Metode Statistika,
Populasi,Konsep Dasar Statistika,Metode Statistika,
Sampel,Konsep Dasar Statistika,Metode Statistika,
Parameter,Konsep Dasar Statistika,Metode Statistika,
Statistik (Ukuran Sampel),Konsep Dasar Statistika,Metode Statistika,
Rata-rata (Mean),Ukuran Pemusatan Data,Metode Statistika,
Median,Ukuran Pemusatan Data,Metode Statistika,
Modus,Ukuran Pemusatan Data,Metode Statistika,
Tabel Baris Kolom,Penyajian Data (Tabel),Metode Statistika,
Tabel Kontingensi,Penyajian Data (Tabel),Metode Statistika,
Distribusi Frekuensi Relatif,Penyajian Data (Tabel),Metode Statistika,
Distribusi Frekuensi Kumulatif,Penyajian Data (Tabel),Metode Statistika,
Distribusi Frekuensi Terbuka,Penyajian Data (Tabel),Metode Statistika,
Histogram,Penyajian Data (Diagram),Metode Statistika,
Diagram Garis,Penyajian Data (Diagram),Metode Statistika,
Diagram Lingkaran,Penyajian Data (Diagram),Metode Statistika,
Diagram Lambang,Penyajian Data (Diagram),Metode Statistika,
Diagram Peta,Penyajian Data (Diagram),Metode Statistika,
Diagram Pencar,Penyajian Data (Diagram),Metode Statistika,
Diagram Dahan Daun (Stem-and-Leaf),Penyajian Data (Diagram),Metode Statistika,
Diagram Kotak Garis,Penyajian Data (Diagram),Metode Statistika,
Kuartil,Ukuran Letak Data,Metode Statistika,
Desil,Ukuran Letak Data,Metode Statistika,
Persentil,Ukuran Letak Data,Metode Statistika,
Range (Rentang),Ukuran Penyebaran Data,Metode Statistika,
Simpangan Kuartil,Ukuran Penyebaran Data,Metode Statistika,
Simpangan Rata-rata,Ukuran Penyebaran Data,Metode Statistika,
Standar Deviasi (Simpangan Baku),Ukuran Penyebaran Data,Metode Statistika,
Variansi (Ragam),Ukuran Penyebaran Data,Metode Statistika,
Koefisien Keragaman,Ukuran Penyebaran Data,Metode Statistika,
Box Plot,Karakteristik Distribusi,Metode Statistika,
Skewness (Kemiringan),Karakteristik Distribusi,Metode Statistika,
Kurtosis (Keruncingan),Karakteristik Distribusi,Metode Statistika,
Pengertian Peubah Acak,Dasar-Dasar Peubah Acak,Metode Statistika,
Distribusi Peluang Diskret,Jenis Peubah Acak,Metode Statistika,
Distribusi Peluang Kontinu,Jenis Peubah Acak,Metode Statistika,
Distribusi Peluang Bersama,Jenis Peubah Acak,Metode Statistika,
Nilai Tengah Peubah Acak,Ekspektasi Matematik,Metode Statistika,
Ragam Suatu Peubah Acak,Ekspektasi Matematik,Metode Statistika,
Sifat-sifat Nilai Tengah,Sifat Ekspektasi,Metode Statistika,
Sifat-sifat Ragam,Sifat Ekspektasi,Metode Statistika,
Distribusi Seragam,Distribusi Peluang Khusus,Metode Statistika,
Distribusi Bernoulli,Distribusi Peluang Khusus,Metode Statistika,
Distribusi Binomial,Distribusi Peluang Khusus,Metode Statistika,
Distribusi Multinomial,Distribusi Peluang Khusus,Metode Statistika,
Distribusi Hipergeometrik,Distribusi Peluang Khusus,Metode Statistika,
Sebaran Binomial Negatif,Distribusi Peluang Khusus,Metode Statistika,
Distribusi Geometrik,Distribusi Peluang Khusus,Metode Statistika,
Distribusi Poisson,Distribusi Peluang Khusus,Metode Statistika,
Kurva Distribusi Normal,Distribusi Normal,Metode Statistika,
Luas Daerah di Bawah Kurva Normal,Distribusi Normal,Metode Statistika,
Penerapan Distribusi Normal,Distribusi Normal,Metode Statistika,
Hampiran Normal terhadap Sebaran Binomial,Distribusi Normal,Metode Statistika,
Definisi Distribusi Sampling,Distribusi Sampling,Metode Statistika,
Distribusi Sampling Nilai Tengah,Distribusi Sampling,Metode Statistika,
Distribusi t,Distribusi Sampling,Metode Statistika,
Distribusi Sampling bagi Beda Dua Nilai Tengah,Distribusi Sampling,Metode Statistika,
Distribusi Proporsi,Distribusi Sampling,Metode Statistika,
Distribusi Beda Proporsi,Distribusi Sampling,Metode Statistika,
Distribusi Simpangan Baku,Distribusi Sampling,Metode Statistika,
Inferensia Statistika,Teori Estimasi (Pendugaan),Metode Statistika,
Metode Pendugaan Klasik,Teori Estimasi (Pendugaan),Metode Statistika,
Pendugaan Nilai Tengah,Estimasi Satu Sampel,Metode Statistika,
Pendugaan Beda Dua Nilai Tengah Populasi,Estimasi Dua Sampel,Metode Statistika,
Pendugaan Proporsi,Estimasi Satu Sampel,Metode Statistika,
Pendugaan Selisih Dua Proporsi,Estimasi Dua Sampel,Metode Statistika,
Pendugaan Ragam,Estimasi Varians,Metode Statistika,
Pendugaan Rasio Dua Ragam,Estimasi Varians,Metode Statistika,
Hipotesis Statistik,Konsep Uji Hipotesis,Metode Statistika,
Pengujian Hipotesis Statistik,Konsep Uji Hipotesis,Metode Statistika,
Uji Satu Arah,Jenis Pengujian Hipotesis,Metode Statistika,
Uji Dua Arah,Jenis Pengujian Hipotesis,Metode Statistika,
Uji Mengenai Nilai Tengah,Aplikasi Uji Hipotesis,Metode Statistika,
Pengujian Mengenai Ragam,Aplikasi Uji Hipotesis,Metode Statistika,
Uji Mengenai Proporsi,Aplikasi Uji Hipotesis,Metode Statistika,
Pengujian Selisih Antara Dua Proporsi,Aplikasi Uji Hipotesis,Metode Statistika,
Pengantar Regresi Linier Sederhana,Analisis Hubungan Variabel,Metode Statistika,
Model Regresi Linier Sederhana,Analisis Hubungan Variabel,Metode Statistika,
Metode Kuadrat Terkecil (Least Square),Analisis Hubungan Variabel,Metode Statistika,
Model Hasil Estimasi,Analisis Hubungan Variabel,Metode Statistika,
Sifat-sifat Penaksir Kuadrat Terkecil,Analisis Hubungan Variabel,Metode Statistika,
Inferensi terhadap Koefisien Regresi,Analisis Hubungan Variabel,Metode Statistika,
Prediksi dengan Model Regresi,Analisis Hubungan Variabel,Metode Statistika,
Pemilihan Model Regresi,Analisis Hubungan Variabel,Metode Statistika,
Pendekatan Analisis Varians (ANOVA),Analisis Hubungan Variabel,Metode Statistika,
Uji Linearitas Regresi,Analisis Hubungan Variabel,Metode Statistika,
Analisis Korelasi,Analisis Hubungan Variabel,Metode Statistika,
